{"explained_variance": [0.04871096834540367, 0.034884508699178696], "n_components": 2, "n_original_dims": 50}