{"words": ["le", "a", "chien", "sur", "un", "chat", "devant", "fui", "souris", "la", "coussin", "tapis", "assis", "est", "lapin", "poursuivi", "dormi", "repose"], "vocab": ["assis", "chat", "chien", "coussin", "dormi", "fui", "lapin", "poursuivi", "repose", "souris", "tapis"], "cooc": [[0, 1, 1, 1, 0, 0, 0, 0, 0, 0, 1], [1, 0, 0, 0, 1, 1, 0, 1, 0, 2, 2], [1, 0, 0, 2, 1, 2, 2, 1, 0, 1, 0], [1, 0, 2, 0, 1, 0, 0, 0, 1, 0, 1], [0, 1, 1, 1, 0, 0, 0, 0, 0, 0, 1], [0, 1, 2, 0, 0, 0, 1, 0, 0, 2, 0], [0, 0, 2, 0, 0, 1, 0, 1, 0, 0, 0], [0, 1, 1, 0, 0, 0, 1, 0, 0, 1, 0], [0, 0, 0, 1, 0, 0, 0, 0, 0, 0, 1], [0, 2, 1, 0, 0, 2, 0, 1, 0, 0, 0], [1, 2, 0, 1, 1, 0, 0, 0, 1, 0, 0]], "sim_table": [["chat", "chien", 0.6323529481887817], ["souris", "lapin", 0.9839380383491516], ["tapis", "coussin", 0.9983497262001038], ["poursuivi", "fui", 0.960574209690094], ["dormi", "assis", 0.8656055927276611], ["chat", "souris", 0.01425421703606844]], "final_positions": {"le": [0.18180915713310242, -0.3214021921157837], "a": [-0.7783316373825073, -0.018822550773620605], "chien": [-0.5280357003211975, -0.17294228076934814], "sur": [1.105344295501709, -0.16806399822235107], "un": [0.24111750721931458, -0.3564094305038452], "chat": [-0.11092095077037811, -0.28761863708496094], "devant": [-1.4705463647842407, 0.539770245552063], "fui": [-1.386223554611206, 0.6041305065155029], "souris": [-1.3985679149627686, 0.5165841579437256], "la": [-1.5357109308242798, 0.6645179986953735], "coussin": [1.106584072113037, -0.23845601081848145], "tapis": [1.2004437446594238, -0.1873103380203247], "assis": [1.3049936294555664, -0.13128232955932617], "est": [1.4304187297821045, -0.21147990226745605], "lapin": [-0.9471977949142456, 0.1668386459350586], "poursuivi": [-0.8216662406921387, 0.10680019855499268], "dormi": [0.5193005800247192, -0.3744308352470398], "repose": [1.8871899843215942, -0.13042283058166504]}}